Days passed,VET,OceanEx,APY
0,166.86802512921756,6145.1855815311,0
1,166.8789138579932,6144.788622034091,-0.006846857612883284