Days passed,VET,OceanEx,APY
0,166.86802512921756,6145.1855815311,0
1,167.59180743047415,6120.26515832574,0.038224757950395816
