Days passed,VET,OceanEx,APY
0,166.86802512921756,6145.1855815311,0
1,168.10370931812304,6101.909052329993,0.04040509182589358
