Days passed,VET,OceanEx,APY
0,166.86802512921756,6145.1855815311,0
1,168.10370173329713,6101.908777012345,0.04038862123203035
