Days passed,VET,Safe Haven,APY
0,186.23075456834619,5956.285908927853,0
1,188.02896913657625,5929.548706073268,0.9179738595209674
