Days passed,VET,Safe Haven,APY
0,186.23075456834619,5956.285908927853,0
1,188.02898651739264,5929.5492541824115,0.9180076838466744
