Days passed,VET,Safe Haven,APY
0,186.23075456834619,5956.285908927853,0
1,193.04214936395542,5772.457212265321,0.621980745995464
