Days passed,VET,Safe Haven,APY
0,186.23075456834619,5956.285908927853,0
1,186.29491199527408,5954.2551509376635,-0.006356172311255404