Days passed,VET,Safe Haven,APY
0,186.23075456834619,5956.285908927853,0
1,189.9140802207703,5868.495566142325,0.804433049475477
