Days passed,VET,VIMworld,APY
0,261.2143367008288,4269.38222512134,0
1,265.1588809548725,4237.242950370248,1.328691985425181
