Days passed,VET,VIMworld,APY
0,261.2143367008288,4269.38222512134,0
1,264.10148741146713,4255.263561171691,1.3880832575489033
