Days passed,VET,VIMworld,APY
0,261.2143367008288,4269.38222512134,0
1,264.10167866448325,4255.266642684025,1.3883485829231568
