Days passed,VET,VIMworld,APY
0,261.2143367008288,4269.38222512134,0
1,255.99587555141053,4360.004091565855,0.06588040871950751