Days passed,VET,VPunks Token,APY
0,1508.5225071463383,703.761590646197,0
1,1814.9048128872023,585.492160699723,-5.963029575456913
