Days passed,VET,VPunks Token,APY
0,1508.5225071463383,703.761590646197,0
1,1840.8041323033474,577.3449060780838,-6.8907026593797225
