Days passed,VET,VPunks Token,APY
0,1508.5225071463383,703.761590646197,0
1,1521.4834236873644,697.8263361378605,-0.0044865799537924245