Days passed,VET,VPunks Token,APY
0,1508.5225071463383,703.761590646197,0
1,1814.596928810108,585.5905081537794,-5.952287781356891
