Days passed,VET,VPunks Token,APY
0,1508.5225071463383,703.761590646197,0
1,1839.780882902323,577.6628506545654,-6.852908843220224
